obs,Argentina,Developing Asia,Bulgaria,Brazil,Colombia,Ecuador,Latin America & Caribbean,Morocco,Mexico,Nigeria,Panama,Peru,Philippines,Poland,Russian Federation,Sub-Saharan Africa,"Venezuela, RB",World (WBG members),WorldAvg
1993M12,100,100,100,100,100,100,100,100,100,100,100,100,100,100,100,100,100,100,100
1994M01,101.0352,102.2046,100.4464,104.7519,100.4995,95.56571,101.1088,100.947,99.04739,101.4024,111.0887,105.7025,102.2513,101.1697,86.43775,101.8419,98.04371,99.90231,100.7470428
1994M02,98.741,100.6874,101.9531,104.0945,101.4061,98.791,98.7706,100.7388,96.28468,96.98249,120.8871,102.6637,100.7334,93.33939,68.25992,100.0069,92.0481,96.18325,98.47619056
1994M03,89.61522,89.86944,96.52122,91.19,102.1462,84.33435,88.875,88.16121,90.409,81.38129,101.0869,84.62168,89.91033,79.39936,61.77678,86.16417,78.87444,86.40314,87.26331833
1994M04,83.42714,85.1573,95.3593,76.34333,103.7663,68.08,80.57795,81.98262,85.61231,75.2326,72.01901,61.6285,85.19601,66.01816,52.77298,79.95275,74.3553,78.2055,78.09372556
1994M05,89.09909,89.9454,87.01519,73.40545,105.5051,74.31318,82.57184,91.67989,88.00245,75.96331,82.52401,66.09633,89.98636,73.69623,57.84118,86.23139,74.55945,80.69548,81.61840722
1994M06,86.91955,90.29483,96.7126,76.65273,108.0047,81.47,82.8029,92.81223,87.33198,76.46428,87.65579,72.74144,90.33595,84.79735,60.81682,87.1268,74.56951,81.6746,84.39911444
1994M07,84.76143,89.83079,95.09226,76.93714,110.1025,81.85524,80.76911,91.26083,86.27865,70.68117,80.95238,73.29602,89.87166,89.09314,58.31891,83.93726,63.94292,79.7911,82.59847278
1994M08,88.05261,92.3874,86.9848,85.64348,111.6072,97.51087,86.13094,93.33685,90.43558,67.94606,83.23543,78.69307,92.42928,95.08607,58.16672,84.24032,66.81846,84.3281,85.72406889
1994M09,88.10636,92.98448,101.7136,90.52909,113.2188,104.445,88.3131,93.36336,90.03992,74.51663,94.8772,86.13706,93.02667,100.742,74.05684,86.75381,71.39486,87.72147,90.66334722
1994M10,87.40762,92.05963,105.9543,93.41143,114.754,106.2871,89.2423,94.10857,88.97105,74.79034,94.95488,86.64076,92.10138,100.7986,79.35079,87.32371,75.43386,88.94188,91.80734444
1994M11,83.55364,91.8087,100.7782,90.69045,116.14,98.78364,86.36328,89.71039,89.1659,70.99981,86.24908,80.51605,91.85035,96.81628,66.38735,83.13089,68.80372,85.20195,87.60831556
1994M12,82.83864,93.21404,104.7868,93.055,117.705,99.25455,86.63187,90.13653,86.18974,76.40532,87.50457,83.44402,93.25634,99.17965,65.76629,85.45269,72.67685,85.60824,89.06145222
1995M01,74.405,90.17298,94.90136,84.79591,119.1493,84.42045,77.44868,83.12283,74.30684,70.68218,74.78922,78.91871,90.21393,91.00457,48.78488,79.81875,65.94582,76.09893,81.05446333
1995M02,72.4185,90.1143,97.1875,83.256,121.0839,82.1995,75.98562,85.4148,71.66359,75.10338,73.56855,78.52853,90.15524,92.05115,49.45161,82.57839,68.68504,75.1303,81.36532778
1995M03,66.57739,85.58767,86.99174,74.26391,122.7628,73.8687,68.73167,77.94023,63.41658,71.94476,61.64972,68.16505,85.6266,86.09388,48.52243,77.94781,66.1835,68.57147,75.26921722
1995M04,77.402,91.35424,100.397,79.5235,125.0511,86.2025,77.15287,84.82836,73.61145,79.13385,70.23186,75.63664,91.39581,95.73195,57.136,83.63628,72.65822,76.94125,83.22360444
1995M05,85.50174,96.03803,111.9513,90.70652,127.511,97.63,85.911,86.34696,80.74553,84.98527,83.40638,81.92498,96.08168,105.3026,61.43069,86.82995,79.16813,85.08134,90.36406111
1995M06,83.285,100.0362,113.2564,91.00182,129.9932,93.495,85.7327,80.97511,82.37445,86.96235,82.12977,84.63815,100.0816,118.6357,71.21566,85.38217,78.72155,86.27997,91.89982222
1995M07,85.96667,103.7226,119.7376,93.5719,132.6177,99.59571,89.34702,83.0585,87.95293,90.08806,83.96947,88.05134,103.7698,118.3259,69.73102,87.62248,82.65551,89.32219,94.95035556
1995M08,86.72167,105.2945,119.6165,94.63807,134.6669,99.05557,90.0987,84.97267,88.29623,90.93193,85.79604,89.03996,105.3424,118.615,67.98268,88.9513,83.54916,89.87333,95.74681167
1995M09,87.31473,106.6369,124.9243,99.33439,136.3493,100.4968,92.51929,89.70053,89.50885,94.10295,92.78611,96.87446,106.6854,123.821,73.34509,92.46989,85.70317,92.68196,99.18084
1995M10,88.15247,107.2097,127.5275,102.6216,138.2285,103.5081,93.61563,89.56001,87.90198,97.6952,97.62412,101.2242,107.2584,125.6551,77.1445,93.79146,86.18017,94.04762,101.05257
1995M11,89.3737,106.2844,127.4714,99.86698,140.1535,102.6716,92.50607,89.48714,86.54309,99.6701,103.1456,98.22134,106.3327,125.5337,76.12647,94.59749,84.83646,93.06451,100.8825694
1995M12,98.45755,108.554,132.838,104.7281,142.5135,105.7392,98.84776,96.20236,91.66231,104.9766,113.6419,102.5596,108.6034,127.5961,79.5838,99.61771,92.46415,98.83546,105.9678611
1996M01,105.3112,112.7754,149.1866,114.6373,145.274,121.3446,107.7468,102.5945,99.22541,114.8276,129.8981,115.7042,112.9656,137.1817,80.70002,106.2725,103.5396,106.9737,114.7866017
1996M02,107.2657,117.6601,147.4971,119.3327,147.7412,126.0692,110.0994,105.6729,99.29815,117.6266,134.846,124.95,117.987,152.1042,82.87634,109.0554,103.2032,109.7691,118.5030161
1996M03,101.8595,116.4112,135.1724,113.591,149.9128,120.2186,105.5387,101.5315,96.8623,114.4925,129.0301,118.7857,116.7347,147.2844,80.15177,105.7908,101.2394,105.3822,114.443865
1996M04,105.4495,117.7501,139.4859,116.9105,152.2637,127.1782,109.9801,107.2834,100.9565,118.4212,137.3474,116.3599,118.0773,153.5131,84.77021,109.7278,109.4115,109.8073,118.5940894
1996M05,109.4235,121.5964,140.8639,121.4039,154.608,133.1022,113.7594,110.2188,102.357,119.907,153.8101,122.9424,121.9343,154.4407,94.08173,111.5394,116.1741,113.8829,123.1136517
1996M06,108.8175,122.2561,142.555,122.671,156.8012,129.278,114.1381,109.9788,101.7734,120.85,159.6878,128.559,122.5958,155.0337,103.1228,111.7924,118.399,115.0836,124.6329556
1996M07,109.6426,123.3419,148.2743,128.0696,158.7867,133.1526,117.4663,113.0184,103.4453,123.026,169.8147,137.3817,123.6846,158.3255,121.5367,113.8724,123.2577,119.7561,129.2140611
1996M08,111.7232,125.5864,149.2295,131.6145,161.0935,139.7268,121.3298,116.894,107.7645,132.0208,182.2722,145.3843,125.9354,163.1744,139.1757,118.5797,129.8977,124.8708,134.7929556
1996M09,116.6324,128.0607,140.1838,137.8886,163.1951,147.01,126.7331,121.9427,110.9029,136.5913,186.9365,153.8088,128.4166,163.4604,151.2361,122.4079,138.0952,130.3801,139.1045667
1996M10,119.4243,129.097,147.0635,141.0596,165.3854,163.7765,130.5389,126.5747,112.9986,149.6149,202.9022,163.5157,129.4557,166.4891,171.4363,128.6912,145.2319,135.6729,146.0515778
1996M11,123.9233,132.006,156.7948,141.9162,167.6223,174.111,133.7633,128.5787,115.7216,156.6523,207.0562,170.8133,132.3729,172.5116,176.2783,132.0702,150.9302,139.2198,150.6856667
1996M12,126.8268,134.1959,170.2865,145.3934,169.9455,178.6955,136.6678,130.7719,117.3587,161.4986,212.2917,170.0483,134.5688,173.8716,171.5878,134.6389,155.4346,141.51,153.6440167
1997M01,129.8678,134.8183,169.1304,150.0843,172.3727,186.5726,140.5715,137.7818,120.3792,164.1524,227.7602,168.7441,135.193,174.0916,172.1532,138.8474,160.2204,144.8856,157.0903611
1997M02,135.352,136.3707,191.201,156.907,174.3753,184.3965,146.1371,145.7383,124.6976,171.6264,244.8395,179.2806,136.7496,177.2184,177.0105,145.8804,163.8062,150.528,163.4508389
1997M03,133.499,133.8377,199.8371,153.851,176.2813,176.7048,142.7022,142.9848,121.4038,166.3879,232.5699,178.9384,134.2096,173.963,170.9117,142.0707,156.7311,146.99,160.2152222
1997M04,133.1264,134.0483,198.3991,153.0786,178.3097,171.6391,141.4998,141.5431,120.0068,156.2436,225.9004,169.4357,134.4208,172.0191,163.9096,136.226,154.401,145.0964,157.1835278
1997M05,138.8877,136.2955,223.0705,158.0905,180.1666,185.5659,147.6016,147.9983,124.7697,163.9073,241.5675,185.2566,136.6742,176.825,177.4443,142.7535,163.7291,151.9814,165.6991778
1997M06,142.611,137.5379,241.4771,162.9262,181.8624,200.6371,152.3857,151.3508,128.51,171.9248,247.1166,195.74,137.9201,180.8443,188.3534,148.3942,170.5619,157.4129,172.0870222
1997M07,146.2487,138.7388,259.219,166.8248,184.9257,209.7752,156.5509,155.5682,133.201,177.3648,250.508,198.3545,139.1243,184.4424,190.8248,152.8781,175.2804,161.5735,176.7446167
1997M08,148.8129,138.07,270.4528,168.8567,187.0727,218.5852,158.6889,157.1989,134.7331,182.3838,250.0414,198.9944,138.4536,182.8645,200.4195,156.2323,176.8095,164.479,179.6194
1997M09,149.7709,137.8535,276.2554,170.4786,189.7837,223.56,160.7319,157.7631,136.3496,184.1019,253.852,203.7163,138.2365,184.3462,204.2668,157.3831,182.8748,166.65,182.1096833
1997M10,147.7865,136.4545,277.6443,169.5957,192.3156,223.9552,159.9091,155.7448,137.2309,183.4808,248.3878,202.5508,136.8336,186.1773,201.7886,156.3213,182.6564,165.7222,181.3641889
1997M11,138.556,129.8794,248.748,152.421,194.7048,198.8845,148.3686,142.9171,132.558,163.7139,234.68,180.8764,130.2403,180.738,168.4841,140.865,172.8036,151.888,167.2959278
1997M12,143.8991,132.3272,261.2256,160.487,197.6479,210.2852,154.8971,147.9159,137.5207,174.9007,241.7975,198.4933,132.695,185.7862,175.2457,148.8143,177.8985,158.4939,174.4628222
1998M01,145.88,132.0066,258.1313,161.59,199.8985,206.0027,156.3576,147.9568,140.1289,177.7743,246.8598,197.5532,132.3734,189.3665,168.103,150.3921,176.6939,158.7023,174.76505
1998M02,150.8945,139.2095,272.7244,168.5395,203.524,211.67,161.5613,153.2835,143.0365,184.0558,253.6395,207.2672,139.6046,193.4915,173.7222,155.7403,181.42,164.096,180.9711278
1998M03,153.3827,140.365,289.8472,174.2559,207.0664,220.355,164.998,158.6205,144.0841,187.5411,258.3428,211.3856,140.8388,195.9885,186.9508,159.5456,185.0234,168.9114,185.9723778
1998M04,153.82,141.9249,294.789,175.5973,209.945,217.3295,165.6783,159.2174,144.7868,188.5363,260.4545,214.6153,142.404,198.2446,188.586,160.3082,184.6466,169.8232,187.2614944
1998M05,152.801,138.1961,289.719,171.3157,212.1567,213.1724,163.3047,158.1782,143.5044,185.9178,255.4026,210.5751,141.4164,200.1122,183.6444,158.423,181.9389,167.2233,184.8334389
1998M06,152.5941,137.7669,282.9094,165.9282,216.5009,210.0045,161.0555,156.9928,143.6059,187.0097,252.9534,202.7936,142.7097,201.0544,167.4934,158.0924,177.7291,163.5918,182.2658722
1998M07,155.5561,140.1114,282.209,167.9109,220.6304,214.4261,161.862,157.9952,144.6309,192.6337,251.3045,197.768,143.8511,202.9828,147.1498,160.6317,165.1769,162.0574,181.6048833
1998M08,141.7029,128.1621,228.5014,147.159,222.8181,172.3719,143.7616,141.2037,134.0578,167.3289,227.8117,178.4453,131.4767,195.7814,83.07077,141.8809,128.1756,138.9381,158.4804372
1998M09,128.9973,118.5568,201.4527,126.06,225.4577,136.5764,128.5858,126.9889,125.6232,150.3745,223.6158,155.4864,116.7397,192.9968,34.79325,127.5599,109.9088,120.2845,141.6699139
1998M10,142.9127,130.1878,240.5541,134.5323,232.1018,152.3545,140.1243,139.3607,130.2843,167.198,240.3023,177.2773,119.7598,198.8832,29.0787,140.7465,139.0538,130.1209,154.7129444
1998M11,150.091,143.143,267.5837,149.0948,237.3005,183.6814,149.7523,147.8406,137.5328,183.0122,254.9801,200.4628,119.7598,207.6584,35.0771,151.2869,137.3892,139.7,166.4081444
1998M12,150.8243,149.0002,265.1673,140.7217,243.0552,164.0048,147.4911,147.9716,138.5342,180.7545,253.1629,199.6682,119.7598,208.6505,29.48548,150.5926,140.2636,137.5161,164.8124489
1999M01,145.4762,156.2964,262.0904,129.8838,247.2986,148.5543,142.1287,149.2233,137.3989,175.0273,251.799,194.2828,119.7598,210.0467,31.84173,149.3191,142.5548,133.5638,162.5858683
1999M02,148.688,160.2212,274.5939,136.902,252.151,140.3605,145.4142,150.8108,139.2703,182.3974,251.6992,192.2815,119.7598,210.5066,34.23968,152.8732,143.8017,136.996,165.1648322
1999M03,152.1713,161.132,271.1543,143.6317,257.113,133.3139,150.3059,156.7348,143.5058,176.5087,266.4411,208.9329,119.7598,209.3322,33.19516,154.2198,149.2531,140.6913,168.1887089
1999M04,158.8477,165.0767,268.0622,164.725,261.7458,162.4964,162.8553,160.6716,149.4426,188.8355,271.1229,223.837,118.8616,211.0855,39.52097,160.9104,172.0684,151.9673,177.340715
1999M05,155.21,162.8375,274.3832,161.779,265.5146,167.349,160.1119,159.2606,145.113,180.9326,261.6815,215.9656,98.14664,208.2978,47.18667,157.2086,179.1796,151.2171,175.0763839
1999M06,151.045,161.5512,275.4444,159.2273,269.3194,149.175,156.3198,160.5228,142.6894,179.7778,256.5144,203.7633,96.89526,204.4109,57.02443,157.5039,175.1848,150.1068,172.5819939
1999M07,147.6632,162.9031,282.7508,159.0486,273.1528,139.6705,154.9518,164.4664,142.5616,178.01,254.9196,211.0513,98.72631,205.5555,63.51409,159.1005,174.753,150.5695,173.5204778
1999M08,149.3718,160.3357,279.9008,156.2445,276.5794,122.4618,153.2404,163.5245,141.4889,171.9108,249.656,200.9688,96.64301,203.6533,61.31456,156.3223,168.7108,148.5732,170.0500317
1999M09,157.9318,163.1466,291.7604,164.0205,280.1094,100.8427,159.7782,170.234,146.378,177.0825,257.5335,209.3737,98.25427,207.7498,56.94388,162.0445,175.4246,153.2532,173.9923083
1999M10,161.5229,163.665,306.118,170.591,283.4899,103.2048,164.0698,177.364,148.3683,174.5515,258.2833,215.119,98.22912,207.5488,55.70757,165.175,183.6637,156.6943,177.4092217
1999M11,165.0064,169.0212,328.1167,182.3136,287.2749,118.2677,171.6818,180.2089,155.5072,183.6956,270.0109,227.5415,102.4295,210.6741,68.33061,170.1439,192.4903,165.545,186.0144339
1999M12,168.0726,170.3071,334.6425,191.1604,291.266,116.1178,176.195,188.0885,160.106,181.0442,272.1049,239.4773,103.0567,212.1057,75.33847,173.6996,187.8181,170.5422,189.5079483
2000M01,169.4124,168.0623,339.2765,190.9281,295.1332,110.9062,176.2849,190.8321,157.8716,180.2369,274.6307,242.2752,101.4285,211.4273,88.4039,174.9677,191.7143,173.019,190.9339333
2000M02,172.8976,169.2277,350.3523,194.1886,297.8285,110.3705,180.6844,193.697,164.6744,180.9789,289.0664,245.6489,102.1121,213.6091,99.00985,176.8537,196.5102,178.691,195.3556194
2000M03,177.8557,169.7238,355.4934,202.6748,300.8029,125.987,187.6593,195.3403,172.5463,188.4873,293.9998,251.898,101.0052,218.9961,115.8818,180.607,203.6453,187.5991,201.67795
2000M04,177.121,167.8026,339.1839,197.2865,303.4504,124.1535,184.4255,190.5842,169.9134,178.1978,287.5182,243.8049,97.26563,219.8998,115.3168,174.0597,197.4601,184.5855,197.3349683
2000M05,169.4183,162.4435,327.6129,192.0574,305.4451,112.3204,177.5222,189.8117,164.1161,162.0566,280.1052,228.906,91.42408,214.193,110.4519,167.4901,189.7718,177.7204,190.15926
2000M06,174.2123,167.7454,347.9217,203.5895,308.8162,108.1559,185.3774,194.9744,170.5102,162.0601,291.2079,242.8631,95.37618,218.158,122.532,170.3934,204.8658,186.6714,197.5239378
2000M07,177.8471,169.2961,358.4613,207.9676,311.7618,121.8057,190.4593,199.1693,176.9473,170.8823,294.7461,245.9511,94.78305,222.4324,129.3544,176.0646,211.9217,192.2905,202.8967583
2000M08,177.7583,172.3427,365.6068,213.4713,314.5625,154.5357,194.968,202.1034,181.7253,187.3467,303.1985,258.6736,96.9722,227.9013,137.6337,184.0527,218.9536,197.8922,210.5388056
2000M09,179.6895,173.9628,356.178,215.5833,316.8318,174.6786,197.0473,202.9924,183.1891,192.2574,300.2762,244.8273,98.06,229.6776,134.4938,186.4429,223.6369,198.7976,211.5901389
2000M10,176.1868,168.1474,346.6676,212.4132,319.7922,177.7614,194.1517,197.9211,182.118,192.1624,295.5078,228.0577,92.02209,231.0861,128.3089,183.6043,220.2477,194.855,207.8339661
2000M11,171.0759,170.014,340.9626,209.45,322.6435,174.8659,191.6775,198.6246,183.4495,194.2677,296.6872,224.8611,92.90514,233.3459,129.8985,184.8034,219.1509,193.3745,207.3365467
2000M12,180.2457,174.5584,349.7142,217.4667,326.3375,172.749,198.4911,199.7656,187.8299,205.5516,298.3324,234.8715,95.56661,243.2595,128.6474,189.774,219.6893,198.6429,212.3051839
2001M01,190.3043,180.3235,365.0838,225.9265,326.3792,189.7878,206.2913,205.3204,190.3529,214.0396,307.294,248.7341,99.39373,248.9169,137.7262,196.1347,228.1407,207.0848,220.4019128
2001M02,192.5335,184.5263,364.2394,230.13,332.0459,202.569,209.7862,207.8807,192.119,216.5072,312.8512,254.3251,102.7322,252.3267,143.3926,198.4999,235.338,210.891,224.5941056
2001M03,185.2532,189.0172,362.7145,227.3164,335.2944,198.0718,207.4998,208.8191,195.1323,220.6603,315.5062,261.3351,105.9467,256.7966,144.0529,200.6665,237.1213,209.6959,225.6055667
2001M04,176.7648,188.2257,360.6461,221.5871,339.8542,182.6862,202.4481,209.5442,195.0345,224.5333,322.5565,241.8894,105.1293,257.5675,145.8014,202.6061,237.6879,206.1757,223.3743333
2001M05,175.6287,191.4919,368.7608,218.3991,345.2516,195.1209,202.4357,213.8601,198.0092,228.9854,329.082,242.5323,107.3134,258.8014,154.0736,206.7451,240.7343,208.5848,226.9894611
2001M06,181.7976,196.4216,387.1489,222.1252,349.9875,207.3857,207.9355,220.7526,203.5754,234.4525,336.0107,262.218,111.239,260.7191,167.053,212.6443,244.4916,215.6962,234.5363556
2001M07,147.805,194.7308,382.1322,214.6095,352.6282,201.1359,192.9238,218.7043,202.9472,230.8909,338.8147,268.511,109.0537,261.7615,162.6484,210.0769,240.1166,203.1464,229.5909444
2001M08,143.8017,199.3787,392.8899,217.6048,357.8083,197.7474,193.5819,220.325,206.588,231.872,344.7382,275.7796,111.1424,264.8585,168.982,211.3312,243.6216,205.4704,232.6400889
2001M09,143.516,199.3398,395.4609,211.551,362.7999,202.2515,191.5945,216.7575,205.2478,232.9657,341.2549,279.8431,110.653,266.1241,173.7134,209.9197,243.0244,205.1185,232.8408722
2001M10,131.7422,201.6621,392.1177,206.1622,367.3899,201.9213,186.1001,212.4374,208.0086,240.3114,333.4817,279.3495,110.7109,269.4692,174.6764,210.7067,239.9426,201.6383,231.5460111
2001M11,96.72136,207.4443,417.4563,223.93,371.0558,218.7659,179.9735,214.9043,213.9291,248.567,342.5506,295.3096,115.6837,273.277,186.9885,215.4955,240.7504,200.5364,236.8521811
2001M12,70.94095,213.8202,439.7018,234.5605,373.1065,235.7143,174.9175,219.4968,215.3459,253.3194,352.4534,308.605,123.5046,272.2634,199.3864,219.8847,235.5322,199.9476,241.2500639
2002M01,62.64913,217.5344,444.6912,241.9452,378.2186,256.5808,176.953,225.8127,219.2658,267.1375,357.5527,319.1307,126.838,275.1899,211.4863,229.0162,233.8739,204.3848,247.1256017
2002M02,64.727,220.4546,445.4609,245.2775,383.7839,260.4769,180.1541,228.6014,224.6466,274.1113,368.2325,324.1463,129.2941,278.3606,219.8469,233.4174,237.0297,208.6735,251.4830667
2002M03,62.12857,222.9437,454.1594,256.3118,391.1289,268.7613,184.4465,231.8874,224.3393,275.8652,368.4936,331.4158,133.4198,277.5663,226.9278,235.8368,255.1671,213.4143,256.3451983
2002M04,59.98773,227.441,458.1708,256.4136,396.6188,288.399,186.2407,233.4716,227.975,278.4654,370.8917,330.3499,136.4336,280.1339,234.016,237.7535,263.2844,216.5582,260.1447128
2002M05,57.28043,230.7216,463.786,238.3065,403.1282,272.899,180.6409,233.6268,228.1292,272.3304,368.6066,317.4925,139.5575,282.2649,239.4204,235.7159,267.6052,214.0326,258.0858128
2002M06,52.24959,231.4802,463.6647,206.1689,410.0464,249.2095,169.1913,230.5152,226.7092,269.8536,357.9849,311.8596,137.5086,284.7477,238.7125,235.3723,254.0915,205.4658,251.9350828
2002M07,49.71472,234.7354,459.9258,184.8024,416.0443,248.5783,161.6437,227.0213,226.7172,248.4022,350.9487,292.1377,137.6439,286.7657,239.5891,231.5017,247.1331,199.9456,246.8472678
2002M08,52.91435,238.9764,464.4942,176.8123,422.2253,213.6003,160.0923,228.6709,229.4483,240.7929,349.8659,283.6792,138.9422,289.7388,240.4234,232.4021,263.0443,199.9765,245.894425
2002M09,56.8988,243.8876,467.8587,185.5735,425.5717,218.0524,164.9441,227.728,233.8958,241.5687,359.5029,292.5213,140.6895,294.5891,246.3141,233.9294,270.0399,205.0582,250.4790944
2002M10,54.96322,244.056,474.3815,181.6545,430.5502,200.511,164.5251,226.8946,236.0298,247.8209,369.9553,294.3939,141.2441,297.9941,254.3598,235.8668,270.8954,206.5547,251.81394
2002M11,58.23046,245.7216,485.7695,205.1238,434.8425,224.8177,175.7639,230.0704,241.8605,264.1791,384.4387,320.6901,142.2447,304.7372,269.704,244.277,280.4785,218.7906,262.8744589
2002M12,57.77553,246.7879,492.0912,220.8945,438.657,227.1569,183.2753,233.9345,249.194,279.3917,393.0685,333.9238,142.2814,305.8207,275.4569,251.2774,281.4131,226.0599,268.8033461
2003M01,59.28547,248.8615,503.8042,239.0398,442.1292,253.2031,188.553,241.2024,250.7868,291.1589,401.0603,346.3176,143.1874,308.2099,282.3847,258.5475,258.1857,231.5847,274.8612317
2003M02,59.26795,251.4321,510.7581,245.9576,445.6343,270.7163,191.487,241.4044,253.0979,306.356,403.8014,352.1038,144.4211,312.729,292.3627,263.8463,259.0182,236.1078,280.0278861
2003M03,58.52366,251.149,508.5585,269.67,448.8194,287.2328,201.1533,243.3146,259.1296,326.5748,408.7864,369.1731,143.8853,314.3695,300.1805,269.2126,264.7893,243.7958,287.1287867
2003M04,65.86125,256.9007,510.7266,295.8838,452.4275,326.5796,212.8854,244.9665,264.9101,335.7905,417.7656,388.293,148.3969,313.786,306.0909,272.9688,272.4132,253.8037,296.6916694
2003M05,71.50612,270.5081,520.3432,320.4819,456.3571,362.1615,226.4522,251.9905,276.6952,357.7769,433.8584,398.6181,157.1451,330.3302,324.8566,283.9164,291.9901,269.0984,311.3381122
2003M06,77.87727,281.842,530.3579,331.7777,459.4758,371.5755,233.482,253.6419,281.5127,368.9193,441.2335,393.8321,165.1223,338.8321,339.9191,288.6848,315.9329,278.2423,319.570065
2003M07,75.54935,274.9252,520.2432,322.0907,462.7873,348.8946,226.5617,253.7423,271.1587,363.2684,431.9753,382.8212,161.1931,329.109,322.6801,284.1952,316.7846,269.5107,312.0828139
2003M08,71.79729,267.9238,513.3762,318.3751,465.7762,345.7341,223.2563,254.1386,264.2262,349.6795,421.3841,391.7465,157.0233,312.9627,314.2936,278.8672,322.5651,265.3602,307.6936661
2003M09,72.72359,275.1991,521.7328,340.1007,468.7346,365.8012,233.7275,256.449,273.065,371.8721,433.8577,413.3849,161.8609,317.2583,328.2083,286.0869,334.8676,276.7439,318.4263383
2003M10,70.17047,275.6123,529.2996,350.8757,471.6932,388.2623,237.8505,258.0079,274.6971,385.778,442.574,424.8054,161.4508,318.0881,333.1019,290.7909,342.5457,281.7003,324.2946761
2003M11,66.23009,272.1492,537.1571,363.6692,474.1817,413.7473,242.3171,260.0601,276.9564,388.9056,445.7776,427.8024,158.5526,317.8229,330.5426,293.441,353.9485,284.844,328.2280772
2003M12,68.71322,276.0001,543.6373,382.0308,476.837,448.0598,249.7606,262.2941,278.5831,395.5495,445.7298,428.8963,161.0823,320.931,335.0085,295.2519,376.738,291.9407,335.3913344
2004M01,69.8668,281.6727,549.3064,397.7839,479.7859,491.0947,258.1651,264.2581,285.0844,407.2347,462.1918,440.7347,165.1662,327.1097,344.5732,300.1223,384.2589,300.5123,344.9401
2004M02,70.00888,277.8529,548.5501,378.3464,482.156,491.5978,252.8072,264.0317,287.2913,413.6615,459.5779,430.5515,161.8281,328.9926,344.7052,301.8643,375.5596,296.4318,342.5452656
2004M03,73.17962,282.8906,555.6323,383.7531,484.7116,512.5203,258.4312,264.6526,295.0073,423.0364,467.263,438.8349,164.7422,336.6302,351.1219,307.0942,380.6159,302.5765,349.0385456
2004M04,75.64661,282.5079,551.7982,370.4475,487.3775,489.5378,252.1196,265.2309,287.6329,417.1603,464.5631,433.4342,166.0666,327.0135,341.6737,303.6303,377.982,295.9716,343.8774561
2004M05,73.75137,274.3483,542.2187,343.4749,489.5422,434.8533,236.5437,264.1576,274.6026,393.2389,437.4192,396.8836,161.1085,318.2919,322.8135,294.0847,363.745,278.5,327.7543317
2004M06,71.65447,277.6125,549.8763,355.1624,492.3162,448.2067,241.6589,265.3526,276.2977,394.8541,443.8752,406.6813,163.321,319.4897,328.8991,295.5163,379.2118,283.8561,332.9912428
2004M07,73.03682,284.6272,563.0166,372.2784,495.2336,450.028,250.1169,266.4399,283.6819,408.2529,456.8154,416.5425,167.935,327.7533,332.5406,301.5172,391.4287,292.4734,340.7621289
2004M08,72.58303,291.5936,571.3342,389.578,497.9378,486.9337,259.6734,266.9769,291.4042,432.1769,465.4783,434.6572,172.4253,336.2129,339.8979,308.2,411.2855,302.5138,351.7145906
2004M09,73.59717,292.9582,578.1943,410.1272,500.8024,507.6249,269.2595,268.2766,296.8079,440.9109,476.8313,451.049,172.7474,341.776,348.8826,312.5499,432.2398,311.5768,360.3451039
2004M10,76.43714,293.9657,582.7099,417.925,503.7244,538.749,273.9203,268.8874,298.932,447.147,483.8969,450.783,173.1877,343.9562,359.1123,315.5654,449.077,316.9088,366.3825078
2004M11,80.03482,293.0448,586.7074,425.7027,506.4732,543.7205,278.4132,268.9307,301.328,450.1085,487.4118,462.6033,172.4034,343.8923,367.6567,317.6663,459.5438,321.6669,370.4060178
2004M12,81.08805,297.0402,590.6716,438.3948,509.328,552.8154,283.6147,269.194,303.5257,452.7256,501.8572,475.382,175.336,345.0196,373.1019,319.3913,465.977,326.9206,375.632425
2005M01,79.72115,302.9147,595.1375,435.9981,512.1182,569.2319,283.601,270.5875,305.5191,458.5257,507.2326,474.4202,178.8321,346.5948,376.7648,321.6115,463.3844,328.2489,378.3580083
2005M02,80.4964,311.4041,601.9642,445.52,514.5458,595.6297,288.9622,271.8495,311.5818,465.1782,522.9807,479.0381,183.844,349.677,388.3077,323.4688,466.4117,334.9945,385.3252444
2005M03,80.77598,308.3674,592.2264,435.8307,517.0788,589.7594,283.535,273.05,304.2297,457.716,515.2802,476.3981,182.0512,343.3074,380.9735,319.4491,463.4695,329.09,380.6993544
2005M04,75.45261,307.8548,592.1496,434.9672,519.8005,559.892,282.2075,273.9417,304.5534,462.7798,519.3824,476.9962,181.7486,346.9921,386.9861,320.7489,460.4229,328.6674,379.7524283
2005M05,74.0228,312.9676,600.867,447.4831,522.5082,534.9557,287.9624,275.2261,311.0765,469.1787,534.966,488.0857,184.7671,352.3394,398.7586,326.0315,462.9066,335.6278,384.4294889
2005M06,73.90706,319.1821,607.9314,458.5447,525.0292,552.6481,295.1465,276.597,317.9269,483.8245,553.953,498.2177,188.4359,357.164,409.4205,331.2779,478.6302,343.8897,392.8736867
2005M07,78.713,317.8734,604.4325,461.3433,527.6724,574.2908,297.9856,278.2536,319.0238,494.7546,558.8119,499.9006,187.6633,354.6877,411.7601,332.3105,488.6557,346.4078,396.3633667
2005M08,79.37409,323.764,604.2381,463.4062,530.3354,593.9747,300.2664,279.7266,320.5409,497.6233,563.9611,509.3539,191.141,353.7427,416.0497,332.9664,495.7977,349.0849,400.2970606
2005M09,82.54325,330.2271,610.8746,475.6187,533.0077,615.7744,308.2869,282.4358,325.898,503.7035,575.1872,515.0683,194.9566,357.0847,427.3915,336.836,522.0328,357.7691,408.5942306
2005M10,81.13219,331.7636,598.2418,471.721,535.9357,610.074,304.856,283.7653,320.0602,505.8647,556.1536,505.668,195.8637,353.6014,418.6998,334.3686,525.6367,354.0976,404.8613272
2005M11,82.92601,342.9394,594.235,480.0099,538.7265,625.6798,309.8015,284.8453,324.8393,510.0614,561.0983,510.1067,202.4616,350.7735,419.0418,334.9165,533.5075,358.5733,409.141295
2005M12,83.19148,351.8559,600.5396,496.8173,541.6173,637.0828,315.6478,286.0079,327.3582,514.07,569.1417,507.916,207.7256,353.5672,422.726,337.5907,536.8888,364.6957,414.1355544
2006M01,88.33348,360.385,606.0033,513.3313,544.677,655.9944,324.1004,286.9789,331.3338,515.5256,591.2298,508.8947,212.7609,357.1714,427.1301,340.0504,556.6562,372.3839,421.8300322
2006M02,97.29978,365.6903,605.554,527.7854,547.4374,680.625,331.2522,287.5115,331.8431,518.6078,597.0024,521.465,215.8931,354.9807,425.9986,340.2635,570.0306,377.8803,427.6178156
2006M03,99.98387,368.6077,602.8287,528.0097,550.1416,682.4947,330.3097,288.9208,326.8252,520.3166,594.507,511.6452,217.6154,352.2077,423.2103,338.8975,574.5026,377.1844,427.1227039
2006M04,98.62243,371.7885,594.5029,518.4598,552.8684,698.714,325.4897,290.2265,320.5685,521.8392,585.8438,509.0502,219.4932,349.0683,417.8124,337.0356,571.7829,372.7568,425.3290628
2006M05,96.32077,370.1726,592.4413,512.4911,555.4905,700.142,322.7787,291.5324,319.2506,523.5758,580.3836,515.6794,218.5392,349.4982,415.1666,337.4915,565.3559,369.8622,424.2317983
2006M06,92.79334,361.7651,591.3755,510.2298,558.2997,686.5087,319.7178,292.9322,317.2786,525.9421,573.3552,517.1207,213.5757,349.7075,413.4282,337.1447,554.1159,365.4723,421.1535022
2006M07,96.49889,367.5615,593.5967,525.2416,561.5475,701.169,327.9732,295.0787,326.2185,528.0162,579.9666,523.7623,216.9977,350.9655,418.7651,338.3022,564.4472,372.6453,427.1529828
2006M08,104.4091,379.0167,607.7331,546.0286,564.892,722.6015,339.3367,295.5358,334.5179,534.1578,601.7842,534.4207,223.7605,357.5641,430.8743,343.7823,581.3446,385.2883,438.1693444
2006M09,106.4743,387.6995,617.0923,551.742,568.0634,690.9124,342.4273,297.1082,339.4907,535.4173,612.0861,540.1445,228.8866,362.4376,436.709,346.5702,579.7324,389.6601,440.7029944
2006M10,111.4204,397.6894,621.9701,559.888,571.3055,697.1039,346.998,298.6252,341.4832,538.6539,623.7675,550.2045,234.7843,364.5334,438.9637,348.4096,585.0666,394.4074,445.8485889
2006M11,116.3656,406.353,633.3544,569.0981,574.7104,728.5518,353.2417,300.2391,346.1465,NA,640.667,558.0174,239.5987,368.9889,444.3998,351.9667,593.8281,401.1437,448.6277
2006M12,123.6922,415.7764,642.7046,579.2521,577.9519,634.9567,358.3667,NA,350.2709,NA,647.5993,567.1238,245.0506,372.0798,450.685,354.9267,609.385,407.3338,458.5722188
2007M01,129.7333,418.2436,637.8308,580.8661,581.1741,565.8774,357.7446,NA,348.2636,NA,647.9905,567.6328,246.3767,369.7697,447.4106,354.6181,603.1399,406.8916,453.9727125
2007M02,130.2127,419.5149,640.2789,589.6214,584.5413,633.9328,362.1773,NA,350.5854,NA,653.1071,570.3819,247.3227,371.9919,450.3896,357.6751,606.9614,410.6661,461.2100313
2007M03,130.7155,420.8268,650.0149,597.8018,587.4767,669.6241,366.7492,NA,354.8989,NA,656.7525,576.3965,248.0984,377.4009,455.4708,361.7628,612.4607,414.9445,467.5871875
2007M04,126.9086,425.4067,650.5876,610.6881,590.807,711.1577,371.4131,NA,357.7877,NA,667.8488,585.7116,250.7161,377.29,457.1084,362.7704,611.4294,419.4493,473.5675313
2007M05,119.4979,429.9381,651.8133,614.1403,594.0629,707.2631,371.2597,NA,360.8184,NA,674.4736,590.1914,253.4075,NA,458.5617,364.7013,598.6218,420.5916,480.62284
2007M06,113.4382,424.484,641.3569,599.9689,597.2579,695.4764,361.7442,NA,353.5023,NA,661.356,577.7925,250.3114,NA,449.3325,360.2613,567.8471,411.7667,471.0597533
2007M07,106.8504,419.9637,643.3927,598.0036,600.5148,669.2529,359.1846,NA,353.6477,NA,660.3856,573.2081,247.9852,NA,451.4868,360.1554,562.9742,410.0438,467.8033
2007M08,96.78923,414.8845,652.829,598.2958,603.6608,693.2082,355.9611,NA,356.5375,NA,653.9652,567.6527,245.4165,NA,454.3503,362.6076,537.5953,407.9838,466.782502
2007M09,103.4153,427.1031,663.0061,615.2787,607.2825,729.025,365.5668,NA,365.4784,NA,670.7146,586.5868,252.5277,NA,462.7362,367.9895,542.0653,417.9315,478.4471667
2007M10,111.5841,439.7907,668.5526,629.5035,610.8813,770.0975,375.253,NA,369.0045,NA,685.4746,600.0437,259.7829,NA,468.4142,371.091,569.0503,427.5626,490.4057667
2007M11,112.7212,438.6662,674.6504,628.5955,614.4151,785.4354,374.986,NA,372.388,NA,690.7248,600.1641,259.5159,NA,472.3597,375.6951,550.485,428.6195,491.96146
2007M12,114.09,446.3799,674.1656,632.7544,617.6934,802.8463,377.2017,NA,373.7785,NA,703.4194,606.4073,264.6091,NA,478.8831,376.2298,544.7676,432.495,496.3814067
2008M01,111.8336,443.662,687.509,637.0788,621.2221,811.6492,380.0021,NA,377.5071,NA,699.1005,613.7233,263.3907,NA,486.3516,378.3032,559.3468,435.4895,500.4113
2008M02,106.5939,445.3346,686.154,631.4024,624.6792,814.5911,377.0643,NA,377.8463,NA,690.9668,605.1573,264.286,NA,485.5671,375.9646,554.9841,433.6335,498.28168
2008M03,102.9038,448.7284,686.0868,634.8763,627.5182,816.9887,378.5474,NA,385.4122,NA,700.9938,611.7342,266.1861,NA,490.4637,375.7893,540.649,434.7955,500.11156
2008M04,99.83275,453.7893,694.2532,648.6713,630.3426,853.9015,384.3144,NA,390.3323,NA,714.4616,630.2503,270.4978,NA,493.4006,381.179,536.0354,440.0118,508.0849233
2008M05,99.20338,452.4826,698.6661,661.3243,633.4388,873.4663,387.2428,NA,389.566,NA,721.8587,636.7048,270.5698,NA,496.0228,382.7668,527.6245,442.2017,511.5426253
2008M06,97.3958,443.1181,687.2707,661.1756,636.8273,863.104,386.2322,NA,384.1903,NA,716.4643,627.3797,265.014,NA,491.374,379.0458,544.8236,437.7099,508.07502
2008M07,92.8652,437.4109,679.7302,650.5118,640.532,822.2911,379.7425,NA,378.7004,NA,707.8592,616.6128,261.3852,NA,490.5155,379.4544,539.7067,432.6642,500.6654733
2008M08,90.75103,451.021,678.1471,657.0294,643.9573,812.3764,381.7673,NA,383.419,NA,714.6981,626.374,269.057,NA,491.4706,383.1936,530.6866,438.0346,503.4655353
2008M09,82.93283,449.588,681.3399,644.6534,646.9961,738.2534,371.3756,NA,378.8421,NA,705.4185,609.1026,269.0887,NA,474.1423,377.8643,499.9904,428.0369,490.5083353
2008M10,49.55861,371.9975,618.8338,562.6633,647.8553,471.4294,308.9155,NA,333.1928,NA,594.0851,506.0841,230.5981,NA,407.9302,328.2986,363.5391,358.2787,410.2173407
2008M11,41.12704,376.6386,579.855,584.898,656.1115,273.7809,310.8836,NA,338.2952,NA,578.3106,524.0913,233.8462,NA,389.8388,316.627,365.6921,357.2593,395.1503427
2008M12,43.25789,401.5854,597.0543,634.9298,664.0949,246.9013,331.375,NA,372.0929,NA,618.4561,559.348,245.5296,NA,383.6123,344.5189,346.3825,375.9894,411.0085527
2009M01,51.70298,414.797,630.4286,654.3121,670.6927,261.5843,342.631,NA,379.6359,NA,658.375,583.7975,254.4489,NA,411.8346,374.5745,358.3689,392.6866,429.3247053
2009M02,48.91076,424.8748,637.7993,637.7881,675.4476,268.9308,335.0646,NA,366.0739,NA,649.6169,587.6835,261.7586,NA,417.4214,377.2033,353.5042,387.8529,428.662044
2009M03,43.51991,430.6907,628.8319,639.1987,680.5307,275.8288,339.382,NA,369.8343,NA,647.4926,596.9518,265.6408,NA,425.4822,382.6243,384.6215,392.3085,433.5292473
2009M04,46.49126,451.7288,661.4333,663.2536,685.0339,294.8013,357.1793,NA,386.8674,NA,678.698,620.0843,275.0131,NA,456.5484,395.6466,430.0896,416.5841,454.6301973
2009M05,56.3479,469.7962,682.4994,680.7771,688.8547,301.5553,369.5823,NA,395.3104,NA,715.5518,637.0776,281.9014,NA,475.9061,402.5932,447.0492,432.618,469.1613733
2009M06,69.08479,472.0584,681.8846,681.7719,691.5484,347.312,375.4093,NA,393.0673,NA,732.9097,638.3598,282.3761,NA,474.8788,405.3087,471.3156,437.4932,476.9852393
2009M07,76.82035,475.5329,685.1698,699.648,694.9863,366.9027,383.8171,NA,401.1526,NA,741.8309,642.489,282.8237,NA,478.5648,418.1497,476.0935,445.5753,484.63711
2009M08,87.0682,493.2661,709.9502,711.7945,697.7431,390.6735,398.0671,NA,410.2421,NA,762.1553,663.8149,291.7485,NA,487.4638,430.7253,527.6494,460.4484,501.5206933
2009M09,96.103,509.9152,740.82,732.9756,700.321,418.9209,412.6777,NA,418.0733,NA,789.2675,687.9367,300.3476,NA,510.9709,436.2902,570.0452,476.5999,520.0843133
2009M10,108.1439,522.6123,766.313,745.3675,702.7794,456.4913,422.7055,NA,425.349,NA,825.715,710.658,306.6942,NA,540.948,445.0207,574.2975,490.8204,536.2610467
2009M11,106.5955,520.3361,774.7033,749.6328,704.8154,472.0798,422.1862,NA,429.3309,NA,818.4944,714.4191,306.4309,NA,546.8883,442.2213,547.7651,491.5341,536.4955467
2009M12,106.4555,528.9305,782.9512,751.2807,706.8186,473.9208,420.0759,NA,428.3801,NA,823.0972,712.9019,309.5987,NA,549.2193,447.4674,524.4122,492.663,537.2115333
2010M01,106.8539,525.1077,781.7861,745.9835,708.852,487.4405,423.9736,NA,428.7001,NA,810.8674,708.7279,308.0875,NA,555.1402,446.5823,585.3573,495.9603,541.2946867
2010M02,100.2518,523.9535,775.0723,742.5626,710.775,486.8865,420.548,NA,429.5662,NA,804.4539,702.1889,306.0138,NA,555.5061,444.5777,573.7163,493.2974,537.958
2010M03,109.3595,543.4474,790.8395,763.4275,712.8777,488.2108,435.3035,NA,442.1236,NA,828.4212,727.7177,315.8942,NA,569.023,454.8364,604.6761,508.8929,553.0034
2010M04,117.5879,552.0183,805.8936,768.8347,714.8076,491.6949,441.5034,NA,443.5096,NA,839.5125,734.8027,321.6726,NA,574.3233,458.2188,629.9929,515.2003,560.6382067
2010M05,108.557,550.4978,781.9807,769.8321,716.2026,485.5722,433.7478,NA,442.8956,NA,843.7708,734.1469,322.3273,NA,559.8811,455.12,561.7516,507.9442,551.61518
2010M06,107.7343,557.9053,773.6761,778.3076,718.4121,480.6075,437.83,NA,453.3756,NA,860.5501,748.2408,326.3966,NA,561.35,463.7602,536.6727,513.0341,554.5235333
2010M07,116.5688,578.5834,795.8457,802.3213,720.2393,478.4608,452.8073,NA,465.2792,NA,886.313,780.3726,336.6746,NA,574.0546,474.6902,561.0243,529.3736,570.1739133
2010M08,126.8738,613.9531,815.126,834.999,722.0547,486.8688,474.9335,NA,486.1498,NA,933.9096,828.6091,356.9856,NA,597.0177,489.543,594.6576,553.9723,594.3769067
2010M09,129.6737,621.7698,826.4311,837.8337,723.7616,495.6096,473.4205,NA,483.1647,NA,934.7277,826.8907,362.2301,NA,602.9164,494.0002,577.1778,555.8973,596.3669933
2010M10,142.7608,628.6949,840.3996,861.0665,725.5758,501.1557,488.0384,NA,492.148,NA,955.1974,841.9878,365.3373,NA,614.8519,505.4082,616.9185,571.5373,610.0718733
2010M11,149.8844,623.9938,848.4191,849.1039,727.1253,515.5431,483.7752,NA,485.5666,NA,942.0398,825.3805,364.1564,NA,609.0576,500.9621,619.0289,567.8953,607.4621333
2010M12,148.2917,604.0979,842.1985,822.7598,728.9868,519.9184,471.6869,NA,472.5836,NA,910.0151,792.1092,353.1956,NA,595.6225,489.1702,626.3352,553.2749,595.3497533
2011M01,152.1009,601.1516,840.5959,826.3218,730.1074,537.695,475.5508,NA,475.322,NA,914.2818,798.1074,352.4513,NA,599.8599,486.1327,636.3378,553.888,598.6602867
2011M02,143.7992,592.2117,839.3451,814.1469,731.4327,560.1732,469.3106,NA,469.5407,NA,903.3425,787.7118,347.4087,NA,598.8335,481.8781,637.2234,546.8683,594.88176
2011M03,144.1628,598.4658,850.8797,824.2001,732.961,562.6579,475.7363,NA,477.7233,NA,911.9307,796.9964,350.8603,NA,609.0605,487.9018,648.4669,553.9785,601.7321333
2011M04,149.4897,597.1403,857.2206,827.656,734.6017,568.9082,479.4337,NA,478.8846,NA,919.8745,773.5768,348.9305,NA,611.6662,491.8985,668.8414,558.1739,604.4197733
2011M05,147.8006,612.4609,866.2516,850.1509,736.0016,576.2053,488.9342,NA,490.6228,NA,945.7493,799.7104,357.0999,NA,618.2256,503.9734,667.207,568.3791,615.2515067
2011M06,147.6294,621.6745,871.9983,861.8857,737.7395,587.5341,494.1957,NA,496.1323,NA,961.6357,809.3079,363.0698,NA,625.7507,510.8739,668.4557,574.5587,622.1627933
2011M07,150.0402,632.574,868.6321,870.3107,739.5454,596.5814,503.1683,NA,500.7506,NA,970.6034,828.9374,369.2646,NA,629.4337,512.6908,707.6584,582.1581,630.8232733
2011M08,143.7126,649.1003,869.6825,895.5323,741.4507,589.9474,511.4245,NA,515.8629,NA,997.2997,866.5572,378.5966,NA,636.3837,527.1815,685.8372,590.8737,639.9628533
2011M09,131.4041,645.2163,864.7298,895.3891,742.8512,592.5782,506.7189,NA,517.2365,NA,994.7744,872.9495,377.2366,NA,629.3976,526.2711,662.6783,585.8289,636.3507
2011M10,128.0403,644.8699,854.0023,895.4866,744.5637,593.3323,509.3407,NA,519.4389,NA,1002.343,876.9128,378.0124,NA,621.8078,522.5272,681.8322,584.7475,637.1505067
2011M11,131.8941,660.9804,859.6977,914.2902,746.2872,607.4861,522.6603,NA,532.413,NA,1032.24,907.588,386.2459,NA,636.61,523.3858,704.7244,596.3776,650.8587133
2011M12,130.0375,665.9372,860.1189,927.1182,748.702,620.8479,529.2155,NA,537.6445,NA,1041.035,911.5042,390.5346,NA,632.5043,530.9489,726.8825,599.4097,656.8293933
2012M01,139.6971,670.6059,868.5358,930.0368,751.0151,628.0528,534.4417,NA,536.0407,NA,1043.162,912.9703,392.3077,NA,640.5887,525.0235,755.7969,602.3335,662.0405667
2012M02,144.323,686.0006,882.6847,943.6949,753.1585,636.3114,549.8031,NA,542.2278,NA,1057.125,929.7843,401.3583,NA,652.882,536.7524,833.4076,619.6493,677.9441933
2012M03,143.361,693.1994,892.3561,951.6014,755.3192,638.237,558.9936,NA,543.4621,NA,1069.506,948.2824,405.7182,NA,661.518,543.0168,888.7917,629.5826,688.1963667
2012M04,129.9464,692.6022,891.6803,959.0272,757.4511,645.0309,559.7639,NA,551.0316,NA,1086.94,964.9064,406.7657,NA,664.1644,545.7017,872.3011,630.6001,690.5275333
2012M05,121.6686,689.9821,893.6537,961.1846,759.2317,639.7619,557.4768,NA,554.4984,NA,1093.845,978.7464,407.8077,NA,665.3112,548.1024,847.9988,629.8332,689.9401667
2012M06,121.1199,698.1485,891.5706,975.9669,762.0012,636.5725,561.3644,NA,561.8431,NA,1098.217,996.2457,413.5172,NA,667.903,557.0931,827.1057,635.5649,693.61558
2012M07,127.0056,725.4358,902.005,1003.816,765.207,649.8484,581.5245,NA,585.1373,NA,1125.06,1040.718,430.8405,NA,690.6532,576.2908,858.2519,660.0419,714.78906
2012M08,132.1816,738.6851,919.8592,1021.181,768.0015,668.9751,594.3685,NA,588.3731,NA,1153.073,1057.967,437.8201,NA,705.8161,583.2126,907.2946,675.0733,730.1254533
2012M09,145.243,748.2677,930.0129,1026.749,770.727,684.3827,602.5024,NA,588.6034,NA,1161.256,1063.288,443.621,NA,714.9947,583.4852,940.4895,685.1778,739.2533533
2012M10,149.9083,763.7798,936.9104,1037.594,772.9594,686.0557,611.6109,NA,595.2527,NA,1173.885,1082.502,453.106,NA,724.2757,580.9618,961.6421,695.6353,748.4052733
2012M11,121.3493,768.2803,940.3387,1045.048,775.1137,680.1846,608.8009,NA,595.0711,NA,1174.172,1079.516,456.5012,NA,727.4765,587.2099,976.202,697.5691,748.8555533
2012M12,137.3942,767.4459,941.1719,1048.446,777.0715,679.1833,623.9483,NA,596.1869,NA,1174.544,1080.516,454.5022,NA,736.7459,593.3055,1068.322,708.542,759.15504
2013M01,134.8976,760.6474,941.802,1035.855,778.8956,704.8359,622.2217,NA,591.4459,NA,1161.493,1070.752,449.7918,NA,736.144,585.8926,1094.286,706.4998,758.36402
2013M02,129.9099,742.6425,942.9319,1015.294,780.7013,716.767,614.4485,NA,579.458,NA,1132.599,1044.098,438.7284,NA,724.6998,573.7646,1117.264,695.0823,749.8926133
2013M03,123.2401,742.3509,944.3172,1004.381,782.6687,722.1177,607.7756,NA,576.6718,NA,1132.169,1037.198,439.6266,NA,721.9552,573.6247,1096.748,690.374,746.3479
2013M04,125.5682,758.2872,948.2363,1030.235,785.3373,730.6299,620.6318,NA,595.8527,NA,1168.201,1075.801,450.1784,NA,732.2255,586.0636,1085.974,704.1012,759.82154
2013M05,129.696,758.4671,951.7151,1016.544,787.2874,741.2911,614.0667,NA,587.8103,NA,1159.476,1056.233,450.7397,NA,732.4822,584.5546,1077.088,702.4299,756.65874
2013M06,125.4422,704.7322,948.1845,945.8289,788.6105,737.731,569.1062,NA,548.8525,NA,1083.149,975.9126,421.9099,NA,700.306,552.3191,964.8578,656.5378,714.89868
2013M07,130.3003,696.6733,949.2314,929.4224,790.9993,740.6186,565.3543,NA,544.2525,NA,1060.287,960.3896,418.8956,NA,696.5331,544.9204,972.0566,650.2727,710.0138067
2013M08,137.0543,674.0005,951.3513,913.3693,793.8219,746.1133,560.804,NA,536.4613,NA,1046.882,934.4224,408.021,NA,691.2781,533.8061,983.3397,640.1743,703.3933
2013M09,134.5571,657.7161,953.895,910.5541,796.531,746.4143,556.5567,NA,533.3293,NA,1028.65,926.7693,401.7889,NA,685.4956,529.8105,974.1439,633.2505,697.9641533